Day,High Maximum,,Low Maximum,,High Minimum,,Low Minimum,,Day,MedianHigh,10thPercentileHigh,25thPercentileHigh,75thPercentileHigh,90thPercentileHigh,MedianLow,10thPercentileLow,25thPercentileLow,75thPercentileLow,90thPercentileLow
1,33.5,1992,2.0,1993,17.2,2025,-5.5,2003,1,16.6,7.7,11.7,22.2,25.7,4.6,-0.7,1.2,7.9,10.6
2,31.7,1914,1.1,1950,14.1,2023*,-6.7,1974,2,16.1,10.0,12.8,20.6,24.3,4.5,-1.7,1.5,7.0,9.5
3,28.3,2025,2.8,1916,13.0,2016,-7.8,1936,3,16.1,8.3,12.2,21.2,24.0,4.4,-1.1,1.6,7.0,8.9
4,31.7,1963,3.3,1952,15.6,1914,-5.6,1965,4,14.4,7.8,10.6,20.1,23.3,3.9,-1.1,0.5,7.0,9.0
5,31.8,2011,1.7,2012*,12.8,1955,-6.7,1935,5,13.9,7.2,9.4,20.0,24.5,3.3,-2.0,0.6,6.7,9.0
6,32.2,1909,0.9,2005,13.6,2021,-8.9,1953,6,13.3,6.1,8.9,18.3,22.3,2.8,-1.8,0.6,6.1,8.3
7,32.2,1909,1.5,1993,13.9,1920,-6.7,1976,7,13.3,6.1,8.9,18.3,24.0,2.8,-2.6,0.0,5.0,8.0
8,31.7,1920,-1.5,1985,14.2,2003,-7.2,1917,8,14.5,6.1,10.0,19.4,22.8,2.8,-2.5,0.0,5.1,8.4
9,28.9,1938,-1.5,1985,11.0,2003,-8.9,1932,9,14.4,5.6,10.4,19.0,23.0,2.7,-4.0,-1.1,4.4,7.2
10,30.0,1910*,0.6,1912,13.1,2015,-10.0,1985,10,14.4,5.5,9.4,19.4,22.2,2.4,-3.3,-1.1,5.6,8.7
11,28.1,2015,-0.2,2018,14.0,1984,-9.4,1919,11,12.8,4.4,7.2,19.0,21.9,2.8,-2.8,0.0,6.5,9.0
12,30.0,1934,-2.2,1909*,15.0,1984,-12.8,1917,12,12.4,3.3,7.2,17.4,20.1,1.7,-3.9,-1.7,4.4,7.2
13,31.1,1934,0.0,1909,13.9,1963,-10.0,1946,13,12.9,4.3,7.8,16.7,21.8,1.7,-3.9,-0.6,5.0,6.7
14,30.0,1988,-0.2,2009,14.4,1962,-9.0,1992,14,11.8,5.0,8.2,17.0,20.6,1.1,-3.8,-1.0,4.0,7.8
15,29.4,1953,-0.6,1952,12.0,1988,-10.0,1937,15,13.0,4.9,9.1,17.2,22.3,1.7,-3.1,-0.7,4.3,8.0
16,30.6,1945,0.0,1932,11.1,1964,-13.3,1952,16,12.0,3.5,6.5,17.5,20.7,1.1,-4.6,-1.7,4.4,7.0
17,27.8,1910,-2.2,1972,13.3,1953,-11.7,1948,17,11.7,2.8,6.8,17.4,21.5,1.1,-5.7,-1.9,4.3,7.6
18,26.1,1914,-2.8,1930,11.5,1994,-11.1,1976,18,11.5,3.0,6.3,16.7,20.8,0.6,-5.6,-2.8,3.5,6.2
19,28.9,1914,-2.8,1917,12.2,1956,-11.7,1917,19,11.1,3.3,7.2,16.1,21.1,0.0,-6.1,-3.3,3.3,6.1
20,27.2,1927,-2.2,1949,11.1,1953,-13.3,1916,20,10.3,1.1,5.0,16.0,18.4,0.8,-6.2,-2.3,3.3,6.0
21,24.4,1953,-3.9,1913,12.2,1953,-12.2,1930,21,11.7,1.5,6.1,15.6,18.3,-0.2,-5.0,-2.8,2.0,5.7
22,24.0,1989,-4.4,1936,11.7,1963,-15.6,1936,22,8.9,1.7,5.6,15.6,17.7,0.0,-5.6,-3.5,2.8,7.0
23,25.0,1952,-3.9,1917*,12.8,1963,-14.4,1917,23,8.9,1.0,4.4,13.9,17.7,-0.8,-6.1,-3.9,2.3,5.0
24,25.0,1989,-6.1,1919,10.0,1963,-11.7,1976,24,9.5,0.8,4.4,13.9,18.3,-1.0,-7.2,-3.9,1.7,5.0
25,24.0,1989,-5.6,1919,11.1,1970,-15.6,1905,25,10.0,1.1,3.9,15.0,17.8,-0.8,-6.7,-3.5,1.7,5.6
26,26.7,1955,-6.1,1919,9.1,2025,-16.7,1919,26,9.5,0.1,4.0,13.9,17.8,-1.0,-7.8,-3.4,2.2,4.0
27,26.7,1938,-5.6,1933,9.0,1983,-17.2,1919,27,8.3,1.1,3.9,12.2,17.2,-1.1,-7.2,-4.5,1.7,4.4
28,24.4,1937,-10.6,1919,8.5,1994,-17.8,1919,28,8.0,0.0,3.3,13.0,15.5,-1.7,-9.3,-5.3,1.1,3.4
29,23.3,1950,-8.9,1925,9.4,1937,-16.7,1905,29,7.2,-1.1,2.2,10.5,15.5,-2.2,-8.9,-5.0,0.6,3.5
30,20.6,1944*,-8.0,1991,11.7,1977,-15.0,1905*,30,6.1,-1.8,2.0,11.7,15.6,-1.7,-10.6,-6.1,1.1,4.0
31,20.0,1914,-7.2,1935,9.4,1950,-20.5,1991,31,6.0,-1.0,1.7,10.0,14.8,-2.2,-10.6,-5.5,0.7,4.0